[{"model": "contenttypes.contenttype", "pk": 1, "fields": {"app_label": "admin", "model": "logentry"}}, {"model": "contenttypes.contenttype", "pk": 2, "fields": {"app_label": "auth", "model": "permission"}}, {"model": "contenttypes.contenttype", "pk": 3, "fields": {"app_label": "auth", "model": "group"}}, {"model": "contenttypes.contenttype", "pk": 4, "fields": {"app_label": "auth", "model": "user"}}, {"model": "contenttypes.contenttype", "pk": 5, "fields": {"app_label": "contenttypes", "model": "contenttype"}}, {"model": "contenttypes.contenttype", "pk": 6, "fields": {"app_label": "sessions", "model": "session"}}, {"model": "contenttypes.contenttype", "pk": 7, "fields": {"app_label": "web", "model": "classlist"}}, {"model": "contenttypes.contenttype", "pk": 8, "fields": {"app_label": "web", "model": "middlesurvey"}}, {"model": "contenttypes.contenttype", "pk": 9, "fields": {"app_label": "web", "model": "survey"}}, {"model": "contenttypes.contenttype", "pk": 10, "fields": {"app_label": "web", "model": "surveychoices"}}, {"model": "contenttypes.contenttype", "pk": 11, "fields": {"app_label": "web", "model": "surveycode"}}, {"model": "contenttypes.contenttype", "pk": 12, "fields": {"app_label": "web", "model": "surveyitem"}}, {"model": "contenttypes.contenttype", "pk": 13, "fields": {"app_label": "web", "model": "surveyrecord"}}, {"model": "sessions.session", "pk": "4u4hs33xbdl7wj7qti2ef8jbfqghtycg", "fields": {"session_data": "ZjUzYjg1NzNhZGE2Y2IxOTU0ODU4ZGQxNWQ3ZWE1OGI0NzE3ZmUzYTp7Il9hdXRoX3VzZXJfaWQiOiIxIiwiX2F1dGhfdXNlcl9iYWNrZW5kIjoiZGphbmdvLmNvbnRyaWIuYXV0aC5iYWNrZW5kcy5Nb2RlbEJhY2tlbmQiLCJfYXV0aF91c2VyX2hhc2giOiI1NjMyYzgyYjQ3ZGU5NWZjMDM2NjFiN2Y3ZWNlZjZlNjBlN2I5YTAxIn0=", "expire_date": "2019-02-03T09:44:34.093"}}, {"model": "sessions.session", "pk": "7y0bzp0esvr6xcd2507vjqrja2uf1rjk", "fields": {"session_data": "ZjUzYjg1NzNhZGE2Y2IxOTU0ODU4ZGQxNWQ3ZWE1OGI0NzE3ZmUzYTp7Il9hdXRoX3VzZXJfaWQiOiIxIiwiX2F1dGhfdXNlcl9iYWNrZW5kIjoiZGphbmdvLmNvbnRyaWIuYXV0aC5iYWNrZW5kcy5Nb2RlbEJhY2tlbmQiLCJfYXV0aF91c2VyX2hhc2giOiI1NjMyYzgyYjQ3ZGU5NWZjMDM2NjFiN2Y3ZWNlZjZlNjBlN2I5YTAxIn0=", "expire_date": "2019-02-02T08:24:16.405"}}, {"model": "web.classlist", "pk": 1, "fields": {"course": "Python\u5168\u6808\u5f00\u53d1", "semester": 15, "memo": "\u591a\u5c11\u5f00\u73ed"}}, {"model": "web.surveyitem", "pk": 1, "fields": {"name": "\u82d1\u6d69\u540c\u5b66\u7ecf\u5e38\u6d17\u5934\u4e48", "date": "2019-01-19", "answer_type": "single"}}, {"model": "web.surveyitem", "pk": 2, "fields": {"name": "\u5173\u4e8e\u52a9\u6559\u6709\u4ec0\u4e48\u5efa\u8bae", "date": "2019-01-20", "answer_type": "suggestion"}}, {"model": "web.surveyitem", "pk": 3, "fields": {"name": "\u7ecf\u5e38\u7b54\u7591\u5417", "date": "2019-01-20", "answer_type": "single"}}, {"model": "web.surveychoices", "pk": 1, "fields": {"question": 1, "content": "\u7ecf\u5e38", "points": 10}}, {"model": "web.surveychoices", "pk": 2, "fields": {"question": 1, "content": "\u5076\u5c14", "points": 5}}, {"model": "web.surveychoices", "pk": 3, "fields": {"question": 3, "content": "\u7ecf\u5e38", "points": 10}}, {"model": "web.surveychoices", "pk": 4, "fields": {"question": 3, "content": "\u4e0d\u7ecf\u5e38", "points": 5}}, {"model": "web.surveycode", "pk": 1, "fields": {"middle_survey": 1, "unique_code": "pO7erQ3t", "used": false, "used_time": null, "date": "2019-01-19T15:30:11.092"}}, {"model": "web.surveycode", "pk": 2, "fields": {"middle_survey": 1, "unique_code": "3q8LPqGc", "used": false, "used_time": null, "date": "2019-01-19T15:30:11.092"}}, {"model": "web.surveycode", "pk": 3, "fields": {"middle_survey": 1, "unique_code": "qbOZkbG6", "used": false, "used_time": null, "date": "2019-01-19T15:30:11.092"}}, {"model": "web.surveycode", "pk": 4, "fields": {"middle_survey": 1, "unique_code": "UYv4kBoA", "used": false, "used_time": null, "date": "2019-01-19T15:30:11.092"}}, {"model": "web.surveycode", "pk": 5, "fields": {"middle_survey": 1, "unique_code": "Em5lidUv", "used": false, "used_time": null, "date": "2019-01-19T15:30:11.092"}}, {"model": "web.surveycode", "pk": 6, "fields": {"middle_survey": 1, "unique_code": "OA4LEHUN", "used": true, "used_time": "2019-01-20T08:34:08.614", "date": "2019-01-19T15:30:11.092"}}, {"model": "web.surveycode", "pk": 7, "fields": {"middle_survey": 1, "unique_code": "9ht8pgF1", "used": false, "used_time": null, "date": "2019-01-19T15:30:11.092"}}, {"model": "web.surveycode", "pk": 8, "fields": {"middle_survey": 1, "unique_code": "0UuXN7RF", "used": true, "used_time": "2019-01-19T15:46:50.054", "date": "2019-01-19T15:30:11.092"}}, {"model": "web.surveycode", "pk": 9, "fields": {"middle_survey": 1, "unique_code": "TTOSdY1l", "used": true, "used_time": "2019-01-20T08:36:47.367", "date": "2019-01-19T15:30:11.092"}}, {"model": "web.surveycode", "pk": 10, "fields": {"middle_survey": 1, "unique_code": "XguHl6wd", "used": true, "used_time": "2019-01-20T08:39:11.773", "date": "2019-01-19T15:30:11.093"}}, {"model": "web.surveycode", "pk": 11, "fields": {"middle_survey": 2, "unique_code": "8lyd6pSP", "used": true, "used_time": "2019-01-20T10:44:48.577", "date": "2019-01-20T10:43:21.397"}}, {"model": "web.surveycode", "pk": 12, "fields": {"middle_survey": 2, "unique_code": "mtZ0JI3Y", "used": true, "used_time": "2019-01-20T11:46:44.215", "date": "2019-01-20T10:43:21.397"}}, {"model": "web.surveycode", "pk": 13, "fields": {"middle_survey": 2, "unique_code": "vLn1ik3L", "used": true, "used_time": "2019-01-20T11:50:36.205", "date": "2019-01-20T10:43:21.397"}}, {"model": "web.surveycode", "pk": 14, "fields": {"middle_survey": 2, "unique_code": "YeJH5N7U", "used": true, "used_time": "2019-01-20T12:05:32.961", "date": "2019-01-20T10:43:21.397"}}, {"model": "web.surveycode", "pk": 15, "fields": {"middle_survey": 2, "unique_code": "IA2haaga", "used": false, "used_time": null, "date": "2019-01-20T10:43:21.398"}}, {"model": "web.surveycode", "pk": 16, "fields": {"middle_survey": 2, "unique_code": "Z1DMxLFq", "used": false, "used_time": null, "date": "2019-01-20T10:43:21.398"}}, {"model": "web.surveycode", "pk": 17, "fields": {"middle_survey": 2, "unique_code": "BOsWUePK", "used": false, "used_time": null, "date": "2019-01-20T10:43:21.398"}}, {"model": "web.surveycode", "pk": 18, "fields": {"middle_survey": 2, "unique_code": "SebD8yqq", "used": false, "used_time": null, "date": "2019-01-20T10:43:21.399"}}, {"model": "web.surveycode", "pk": 19, "fields": {"middle_survey": 2, "unique_code": "YURDyJiy", "used": false, "used_time": null, "date": "2019-01-20T10:43:21.399"}}, {"model": "web.surveycode", "pk": 20, "fields": {"middle_survey": 2, "unique_code": "OBCeHJaX", "used": false, "used_time": null, "date": "2019-01-20T10:43:21.399"}}, {"model": "web.middlesurvey", "pk": 1, "fields": {"name": "py15\u671f", "by_class": 1, "number": 1, "quantity": 10, "date": "2019-01-19T15:30:11.085", "surveys": [1]}}, {"model": "web.middlesurvey", "pk": 2, "fields": {"name": "py15\u7b2c\u4e8c\u6b21", "by_class": 1, "number": 2, "quantity": 10, "date": "2019-01-20T10:43:21.372", "surveys": [2, 1]}}, {"model": "web.survey", "pk": 1, "fields": {"name": "\u8bb2\u5e08\u95ee\u5377\u8c03\u67e5", "date": "2019-01-19T15:26:39.003", "questions": [1]}}, {"model": "web.survey", "pk": 2, "fields": {"name": "\u52a9\u6559\u95ee\u5377\u8c03\u67e5", "date": "2019-01-20T10:42:58.906", "questions": [3, 2]}}, {"model": "web.surveyrecord", "pk": 4, "fields": {"middle_survey": 1, "survey": 1, "survey_item": 1, "score": 10, "suggestion": null, "single": 1, "survey_code": 10, "is_hide": false, "date": "2019-01-20T08:39:11.771"}}, {"model": "web.surveyrecord", "pk": 5, "fields": {"middle_survey": 2, "survey": 2, "survey_item": 2, "score": null, "suggestion": "\u975e\u5e38\u597d\u5462\uff0c\u4e0d\u7528\u4ec0\u4e48\u5566\u5440", "single": null, "survey_code": 11, "is_hide": false, "date": "2019-01-20T10:44:48.572"}}, {"model": "web.surveyrecord", "pk": 6, "fields": {"middle_survey": 2, "survey": 2, "survey_item": 3, "score": 10, "suggestion": null, "single": 3, "survey_code": 11, "is_hide": false, "date": "2019-01-20T10:44:48.573"}}, {"model": "web.surveyrecord", "pk": 7, "fields": {"middle_survey": 2, "survey": 1, "survey_item": 1, "score": 10, "suggestion": "", "single": 1, "survey_code": 11, "is_hide": false, "date": "2019-01-20T10:44:48.576"}}, {"model": "web.surveyrecord", "pk": 8, "fields": {"middle_survey": 2, "survey": 2, "survey_item": 3, "score": 5, "suggestion": null, "single": 4, "survey_code": 12, "is_hide": false, "date": "2019-01-20T11:46:44.210"}}, {"model": "web.surveyrecord", "pk": 9, "fields": {"middle_survey": 2, "survey": 2, "survey_item": 2, "score": null, "suggestion": "\u4e86\u5f00\u59cb\u4e5d\u5206\u88e4\u8001\u53f8\u673a\u98ce\u53e3\u6d6a\u5c16\u5723\u8bde\u5feb\u4e50\u4e5d\u5206\u88e4\u4e86", "single": null, "survey_code": 12, "is_hide": false, "date": "2019-01-20T11:46:44.211"}}, {"model": "web.surveyrecord", "pk": 10, "fields": {"middle_survey": 2, "survey": 1, "survey_item": 1, "score": 10, "suggestion": "", "single": 1, "survey_code": 12, "is_hide": false, "date": "2019-01-20T11:46:44.214"}}, {"model": "web.surveyrecord", "pk": 11, "fields": {"middle_survey": 2, "survey": 2, "survey_item": 3, "score": 10, "suggestion": null, "single": 3, "survey_code": 13, "is_hide": false, "date": "2019-01-20T11:50:36.198"}}, {"model": "web.surveyrecord", "pk": 12, "fields": {"middle_survey": 2, "survey": 2, "survey_item": 2, "score": null, "suggestion": "sdkfjsklfjslkfsjlk", "single": null, "survey_code": 13, "is_hide": false, "date": "2019-01-20T11:50:36.199"}}, {"model": "web.surveyrecord", "pk": 13, "fields": {"middle_survey": 2, "survey": 1, "survey_item": 1, "score": 5, "suggestion": "", "single": 2, "survey_code": 13, "is_hide": false, "date": "2019-01-20T11:50:36.203"}}, {"model": "web.surveyrecord", "pk": 14, "fields": {"middle_survey": 2, "survey": 2, "survey_item": 3, "score": 10, "suggestion": null, "single": 3, "survey_code": 14, "is_hide": false, "date": "2019-01-20T12:05:32.956"}}, {"model": "web.surveyrecord", "pk": 15, "fields": {"middle_survey": 2, "survey": 2, "survey_item": 2, "score": null, "suggestion": "skasjkldjkaldjaskjldjsakl", "single": null, "survey_code": 14, "is_hide": false, "date": "2019-01-20T12:05:32.957"}}, {"model": "web.surveyrecord", "pk": 16, "fields": {"middle_survey": 2, "survey": 1, "survey_item": 1, "score": 10, "suggestion": null, "single": 1, "survey_code": 14, "is_hide": false, "date": "2019-01-20T12:05:32.960"}}, {"model": "auth.permission", "pk": 1, "fields": {"name": "Can add log entry", "content_type": 1, "codename": "add_logentry"}}, {"model": "auth.permission", "pk": 2, "fields": {"name": "Can change log entry", "content_type": 1, "codename": "change_logentry"}}, {"model": "auth.permission", "pk": 3, "fields": {"name": "Can delete log entry", "content_type": 1, "codename": "delete_logentry"}}, {"model": "auth.permission", "pk": 4, "fields": {"name": "Can view log entry", "content_type": 1, "codename": "view_logentry"}}, {"model": "auth.permission", "pk": 5, "fields": {"name": "Can add permission", "content_type": 2, "codename": "add_permission"}}, {"model": "auth.permission", "pk": 6, "fields": {"name": "Can change permission", "content_type": 2, "codename": "change_permission"}}, {"model": "auth.permission", "pk": 7, "fields": {"name": "Can delete permission", "content_type": 2, "codename": "delete_permission"}}, {"model": "auth.permission", "pk": 8, "fields": {"name": "Can view permission", "content_type": 2, "codename": "view_permission"}}, {"model": "auth.permission", "pk": 9, "fields": {"name": "Can add group", "content_type": 3, "codename": "add_group"}}, {"model": "auth.permission", "pk": 10, "fields": {"name": "Can change group", "content_type": 3, "codename": "change_group"}}, {"model": "auth.permission", "pk": 11, "fields": {"name": "Can delete group", "content_type": 3, "codename": "delete_group"}}, {"model": "auth.permission", "pk": 12, "fields": {"name": "Can view group", "content_type": 3, "codename": "view_group"}}, {"model": "auth.permission", "pk": 13, "fields": {"name": "Can add user", "content_type": 4, "codename": "add_user"}}, {"model": "auth.permission", "pk": 14, "fields": {"name": "Can change user", "content_type": 4, "codename": "change_user"}}, {"model": "auth.permission", "pk": 15, "fields": {"name": "Can delete user", "content_type": 4, "codename": "delete_user"}}, {"model": "auth.permission", "pk": 16, "fields": {"name": "Can view user", "content_type": 4, "codename": "view_user"}}, {"model": "auth.permission", "pk": 17, "fields": {"name": "Can add content type", "content_type": 5, "codename": "add_contenttype"}}, {"model": "auth.permission", "pk": 18, "fields": {"name": "Can change content type", "content_type": 5, "codename": "change_contenttype"}}, {"model": "auth.permission", "pk": 19, "fields": {"name": "Can delete content type", "content_type": 5, "codename": "delete_contenttype"}}, {"model": "auth.permission", "pk": 20, "fields": {"name": "Can view content type", "content_type": 5, "codename": "view_contenttype"}}, {"model": "auth.permission", "pk": 21, "fields": {"name": "Can add session", "content_type": 6, "codename": "add_session"}}, {"model": "auth.permission", "pk": 22, "fields": {"name": "Can change session", "content_type": 6, "codename": "change_session"}}, {"model": "auth.permission", "pk": 23, "fields": {"name": "Can delete session", "content_type": 6, "codename": "delete_session"}}, {"model": "auth.permission", "pk": 24, "fields": {"name": "Can view session", "content_type": 6, "codename": "view_session"}}, {"model": "auth.permission", "pk": 25, "fields": {"name": "Can add \u73ed\u7ea7\u5217\u8868", "content_type": 7, "codename": "add_classlist"}}, {"model": "auth.permission", "pk": 26, "fields": {"name": "Can change \u73ed\u7ea7\u5217\u8868", "content_type": 7, "codename": "change_classlist"}}, {"model": "auth.permission", "pk": 27, "fields": {"name": "Can delete \u73ed\u7ea7\u5217\u8868", "content_type": 7, "codename": "delete_classlist"}}, {"model": "auth.permission", "pk": 28, "fields": {"name": "Can view \u73ed\u7ea7\u5217\u8868", "content_type": 7, "codename": "view_classlist"}}, {"model": "auth.permission", "pk": 29, "fields": {"name": "Can add middle survey", "content_type": 8, "codename": "add_middlesurvey"}}, {"model": "auth.permission", "pk": 30, "fields": {"name": "Can change middle survey", "content_type": 8, "codename": "change_middlesurvey"}}, {"model": "auth.permission", "pk": 31, "fields": {"name": "Can delete middle survey", "content_type": 8, "codename": "delete_middlesurvey"}}, {"model": "auth.permission", "pk": 32, "fields": {"name": "Can view middle survey", "content_type": 8, "codename": "view_middlesurvey"}}, {"model": "auth.permission", "pk": 33, "fields": {"name": "Can add \u8c03\u67e5\u95ee\u5377", "content_type": 9, "codename": "add_survey"}}, {"model": "auth.permission", "pk": 34, "fields": {"name": "Can change \u8c03\u67e5\u95ee\u5377", "content_type": 9, "codename": "change_survey"}}, {"model": "auth.permission", "pk": 35, "fields": {"name": "Can delete \u8c03\u67e5\u95ee\u5377", "content_type": 9, "codename": "delete_survey"}}, {"model": "auth.permission", "pk": 36, "fields": {"name": "Can view \u8c03\u67e5\u95ee\u5377", "content_type": 9, "codename": "view_survey"}}, {"model": "auth.permission", "pk": 37, "fields": {"name": "Can add \u95ee\u5377\u8c03\u67e5\u5019\u9009\u7b54\u6848", "content_type": 10, "codename": "add_surveychoices"}}, {"model": "auth.permission", "pk": 38, "fields": {"name": "Can change \u95ee\u5377\u8c03\u67e5\u5019\u9009\u7b54\u6848", "content_type": 10, "codename": "change_surveychoices"}}, {"model": "auth.permission", "pk": 39, "fields": {"name": "Can delete \u95ee\u5377\u8c03\u67e5\u5019\u9009\u7b54\u6848", "content_type": 10, "codename": "delete_surveychoices"}}, {"model": "auth.permission", "pk": 40, "fields": {"name": "Can view \u95ee\u5377\u8c03\u67e5\u5019\u9009\u7b54\u6848", "content_type": 10, "codename": "view_surveychoices"}}, {"model": "auth.permission", "pk": 41, "fields": {"name": "Can add survey code", "content_type": 11, "codename": "add_surveycode"}}, {"model": "auth.permission", "pk": 42, "fields": {"name": "Can change survey code", "content_type": 11, "codename": "change_surveycode"}}, {"model": "auth.permission", "pk": 43, "fields": {"name": "Can delete survey code", "content_type": 11, "codename": "delete_surveycode"}}, {"model": "auth.permission", "pk": 44, "fields": {"name": "Can view survey code", "content_type": 11, "codename": "view_surveycode"}}, {"model": "auth.permission", "pk": 45, "fields": {"name": "Can add \u8c03\u67e5\u95ee\u5377\u95ee\u9898\u5217\u8868", "content_type": 12, "codename": "add_surveyitem"}}, {"model": "auth.permission", "pk": 46, "fields": {"name": "Can change \u8c03\u67e5\u95ee\u5377\u95ee\u9898\u5217\u8868", "content_type": 12, "codename": "change_surveyitem"}}, {"model": "auth.permission", "pk": 47, "fields": {"name": "Can delete \u8c03\u67e5\u95ee\u5377\u95ee\u9898\u5217\u8868", "content_type": 12, "codename": "delete_surveyitem"}}, {"model": "auth.permission", "pk": 48, "fields": {"name": "Can view \u8c03\u67e5\u95ee\u5377\u95ee\u9898\u5217\u8868", "content_type": 12, "codename": "view_surveyitem"}}, {"model": "auth.permission", "pk": 49, "fields": {"name": "Can add \u95ee\u5377\u8bb0\u5f55", "content_type": 13, "codename": "add_surveyrecord"}}, {"model": "auth.permission", "pk": 50, "fields": {"name": "Can change \u95ee\u5377\u8bb0\u5f55", "content_type": 13, "codename": "change_surveyrecord"}}, {"model": "auth.permission", "pk": 51, "fields": {"name": "Can delete \u95ee\u5377\u8bb0\u5f55", "content_type": 13, "codename": "delete_surveyrecord"}}, {"model": "auth.permission", "pk": 52, "fields": {"name": "Can view \u95ee\u5377\u8bb0\u5f55", "content_type": 13, "codename": "view_surveyrecord"}}, {"model": "auth.user", "pk": 1, "fields": {"password": "pbkdf2_sha256$120000$e8vAprJzWCeb$ETBF6AzDhIZdbMVGjmticiXz9N1Zyf++tx2A7n7VNxo=", "last_login": "2019-01-22T13:42:13.358", "is_superuser": true, "username": "root", "first_name": "", "last_name": "", "email": "40@qq.com", "is_staff": true, "is_active": true, "date_joined": "2019-01-19T08:23:56.798", "groups": [], "user_permissions": []}}, {"model": "admin.logentry", "pk": 1, "fields": {"action_time": "2019-01-19T15:26:35.571", "user": 1, "content_type": 12, "object_id": "1", "object_repr": "\u82d1\u6d69\u540c\u5b66\u7ecf\u5e38\u6d17\u5934\u4e48", "action_flag": 1, "change_message": "[{\"added\": {}}]"}}, {"model": "admin.logentry", "pk": 2, "fields": {"action_time": "2019-01-19T15:26:39.006", "user": 1, "content_type": 9, "object_id": "1", "object_repr": "\u8bb2\u5e08\u95ee\u5377\u8c03\u67e5", "action_flag": 1, "change_message": "[{\"added\": {}}]"}}, {"model": "admin.logentry", "pk": 3, "fields": {"action_time": "2019-01-19T15:27:10.727", "user": 1, "content_type": 7, "object_id": "1", "object_repr": "ClassList object (1)", "action_flag": 1, "change_message": "[{\"added\": {}}]"}}, {"model": "admin.logentry", "pk": 4, "fields": {"action_time": "2019-01-19T15:30:11.096", "user": 1, "content_type": 8, "object_id": "1", "object_repr": "py15\u671f", "action_flag": 1, "change_message": "[{\"added\": {}}]"}}, {"model": "admin.logentry", "pk": 5, "fields": {"action_time": "2019-01-19T15:33:10.144", "user": 1, "content_type": 10, "object_id": "1", "object_repr": "\u7ecf\u5e38", "action_flag": 1, "change_message": "[{\"added\": {}}]"}}, {"model": "admin.logentry", "pk": 6, "fields": {"action_time": "2019-01-19T15:33:21.954", "user": 1, "content_type": 10, "object_id": "2", "object_repr": "\u5076\u5c14", "action_flag": 1, "change_message": "[{\"added\": {}}]"}}, {"model": "admin.logentry", "pk": 7, "fields": {"action_time": "2019-01-20T10:42:43.147", "user": 1, "content_type": 12, "object_id": "2", "object_repr": "\u5173\u4e8e\u52a9\u6559\u6709\u4ec0\u4e48\u5efa\u8bae", "action_flag": 1, "change_message": "[{\"added\": {}}]"}}, {"model": "admin.logentry", "pk": 8, "fields": {"action_time": "2019-01-20T10:42:56.389", "user": 1, "content_type": 12, "object_id": "3", "object_repr": "\u7ecf\u5e38\u7b54\u7591\u5417", "action_flag": 1, "change_message": "[{\"added\": {}}]"}}, {"model": "admin.logentry", "pk": 9, "fields": {"action_time": "2019-01-20T10:42:58.922", "user": 1, "content_type": 9, "object_id": "2", "object_repr": "\u52a9\u6559\u95ee\u5377\u8c03\u67e5", "action_flag": 1, "change_message": "[{\"added\": {}}]"}}, {"model": "admin.logentry", "pk": 10, "fields": {"action_time": "2019-01-20T10:43:21.412", "user": 1, "content_type": 8, "object_id": "2", "object_repr": "py15\u7b2c\u4e8c\u6b21", "action_flag": 1, "change_message": "[{\"added\": {}}]"}}, {"model": "admin.logentry", "pk": 11, "fields": {"action_time": "2019-01-20T10:43:37.354", "user": 1, "content_type": 10, "object_id": "3", "object_repr": "\u7ecf\u5e38", "action_flag": 1, "change_message": "[{\"added\": {}}]"}}, {"model": "admin.logentry", "pk": 12, "fields": {"action_time": "2019-01-20T10:43:44.651", "user": 1, "content_type": 10, "object_id": "4", "object_repr": "\u4e0d\u7ecf\u5e38", "action_flag": 1, "change_message": "[{\"added\": {}}]"}}, {"model": "admin.logentry", "pk": 13, "fields": {"action_time": "2019-01-20T10:49:45.538", "user": 1, "content_type": 13, "object_id": "7", "object_repr": "SurveyRecord object (7)", "action_flag": 2, "change_message": "[{\"changed\": {\"fields\": [\"survey\"]}}]"}}, {"model": "admin.logentry", "pk": 14, "fields": {"action_time": "2019-01-20T11:48:32.147", "user": 1, "content_type": 13, "object_id": "10", "object_repr": "SurveyRecord object (10)", "action_flag": 2, "change_message": "[{\"changed\": {\"fields\": [\"survey\"]}}]"}}, {"model": "admin.logentry", "pk": 15, "fields": {"action_time": "2019-01-20T11:52:00.119", "user": 1, "content_type": 13, "object_id": "13", "object_repr": "SurveyRecord object (13)", "action_flag": 2, "change_message": "[{\"changed\": {\"fields\": [\"survey\"]}}]"}}]