[{"model": "contenttypes.contenttype", "pk": 1, "fields": {"app_label": "admin", "model": "logentry"}}, {"model": "contenttypes.contenttype", "pk": 2, "fields": {"app_label": "auth", "model": "permission"}}, {"model": "contenttypes.contenttype", "pk": 3, "fields": {"app_label": "auth", "model": "group"}}, {"model": "contenttypes.contenttype", "pk": 4, "fields": {"app_label": "auth", "model": "user"}}, {"model": "contenttypes.contenttype", "pk": 5, "fields": {"app_label": "contenttypes", "model": "contenttype"}}, {"model": "contenttypes.contenttype", "pk": 6, "fields": {"app_label": "sessions", "model": "session"}}, {"model": "contenttypes.contenttype", "pk": 7, "fields": {"app_label": "web", "model": "surveychoices"}}, {"model": "contenttypes.contenttype", "pk": 8, "fields": {"app_label": "web", "model": "survey"}}, {"model": "contenttypes.contenttype", "pk": 9, "fields": {"app_label": "web", "model": "surveycode"}}, {"model": "contenttypes.contenttype", "pk": 10, "fields": {"app_label": "web", "model": "surveyitem"}}, {"model": "contenttypes.contenttype", "pk": 11, "fields": {"app_label": "web", "model": "classlist"}}, {"model": "contenttypes.contenttype", "pk": 12, "fields": {"app_label": "web", "model": "surveyrecord"}}, {"model": "sessions.session", "pk": "i2x798yszjzr2nft9zvcvt551ng0lqkz", "fields": {"session_data": "ZGRlOGUyMWFkMjRkOTNjMjE3M2U3MTUyMzM0NjYzYzJlZDZmYzAwOTp7Il9hdXRoX3VzZXJfaWQiOiIxIiwiX2F1dGhfdXNlcl9iYWNrZW5kIjoiZGphbmdvLmNvbnRyaWIuYXV0aC5iYWNrZW5kcy5Nb2RlbEJhY2tlbmQiLCJfYXV0aF91c2VyX2hhc2giOiJmODYyYThlZmQ0MDlhNTI0M2U0ZjIzYjJiOGEzZmMyZDZmMDRmZTJkIn0=", "expire_date": "2018-12-20T14:35:27.665Z"}}, {"model": "web.classlist", "pk": 1, "fields": {"course": "Python\u5168\u6808\u5f00\u53d1", "semester": 15, "memo": "\u5df4\u62c9\u5df4\u62c9"}}, {"model": "web.surveyitem", "pk": 1, "fields": {"name": "\u8bb2\u5e08\u4e0a\u8bfe\u671f\u95f4\uff0c\u662f\u5426\u6709\u8fdf\u5230\u3001\u65e9\u9000\u3001\u63a5\u6253\u7535\u8bdd\u7b49\u884c\u4e3a\uff1f", "date": "2018-12-06", "answer_type": "score"}}, {"model": "web.surveyitem", "pk": 2, "fields": {"name": "\u4f60\u5982\u4f55\u8bc4\u4ef7\u8be5\u8bb2\u5e08\u7684\u6280\u672f\u80fd\u529b\uff1f", "date": "2018-12-06", "answer_type": "score"}}, {"model": "web.surveyitem", "pk": 3, "fields": {"name": "\u4f60\u5bf9\u8bb2\u5e08\u6709\u4ec0\u4e48\u8bc4\u4ef7\u6216\u8005\u5efa\u8bae\uff1f", "date": "2018-12-06", "answer_type": "suggestion"}}, {"model": "web.surveychoices", "pk": 1, "fields": {"question": 1, "content": "\u4ece\u672a\u51fa\u73b0", "points": 10}}, {"model": "web.surveychoices", "pk": 2, "fields": {"question": 1, "content": "\u5076\u5c14\u51fa\u73b0", "points": 8}}, {"model": "web.surveychoices", "pk": 3, "fields": {"question": 1, "content": "\u7ecf\u5e38\u51fa\u73b0", "points": 3}}, {"model": "web.surveychoices", "pk": 4, "fields": {"question": 2, "content": "\u975e\u5e38\u5f3a", "points": 10}}, {"model": "web.surveychoices", "pk": 5, "fields": {"question": 2, "content": "\u6bd4\u8f83\u5f3a", "points": 8}}, {"model": "web.surveychoices", "pk": 6, "fields": {"question": 2, "content": "\u4e00\u822c", "points": 5}}, {"model": "web.surveychoices", "pk": 7, "fields": {"question": 2, "content": "\u5dee", "points": 3}}, {"model": "web.surveycode", "pk": 1, "fields": {"survey": 1, "unique_code": "rT5heMlW", "used": false, "used_time": null, "date": "2018-12-06T14:40:11.253Z"}}, {"model": "web.surveycode", "pk": 2, "fields": {"survey": 1, "unique_code": "hKrx9qW2", "used": false, "used_time": null, "date": "2018-12-06T14:40:11.253Z"}}, {"model": "web.surveycode", "pk": 3, "fields": {"survey": 1, "unique_code": "miZjEO2c", "used": false, "used_time": null, "date": "2018-12-06T14:40:11.253Z"}}, {"model": "web.surveycode", "pk": 4, "fields": {"survey": 1, "unique_code": "5Fxvocec", "used": false, "used_time": null, "date": "2018-12-06T14:40:11.253Z"}}, {"model": "web.surveycode", "pk": 5, "fields": {"survey": 1, "unique_code": "6FHNkeEy", "used": false, "used_time": null, "date": "2018-12-06T14:40:11.253Z"}}, {"model": "web.surveycode", "pk": 6, "fields": {"survey": 1, "unique_code": "lAPq3pny", "used": false, "used_time": null, "date": "2018-12-06T14:40:11.253Z"}}, {"model": "web.surveycode", "pk": 7, "fields": {"survey": 1, "unique_code": "yW0S9Hht", "used": false, "used_time": null, "date": "2018-12-06T14:40:11.253Z"}}, {"model": "web.surveycode", "pk": 8, "fields": {"survey": 1, "unique_code": "RwrOeAVV", "used": false, "used_time": null, "date": "2018-12-06T14:40:11.253Z"}}, {"model": "web.surveycode", "pk": 9, "fields": {"survey": 1, "unique_code": "CQqqw6rU", "used": false, "used_time": null, "date": "2018-12-06T14:40:11.253Z"}}, {"model": "web.surveycode", "pk": 10, "fields": {"survey": 1, "unique_code": "3Inul9wF", "used": false, "used_time": null, "date": "2018-12-06T14:40:11.253Z"}}, {"model": "web.surveycode", "pk": 11, "fields": {"survey": 1, "unique_code": "07d4tY9h", "used": false, "used_time": null, "date": "2018-12-06T14:40:11.253Z"}}, {"model": "web.surveycode", "pk": 12, "fields": {"survey": 1, "unique_code": "5xM57Rs6", "used": false, "used_time": null, "date": "2018-12-06T14:40:11.253Z"}}, {"model": "web.surveycode", "pk": 13, "fields": {"survey": 1, "unique_code": "izwuCzjZ", "used": false, "used_time": null, "date": "2018-12-06T14:40:11.253Z"}}, {"model": "web.surveycode", "pk": 14, "fields": {"survey": 1, "unique_code": "myQKEJOn", "used": false, "used_time": null, "date": "2018-12-06T14:40:11.253Z"}}, {"model": "web.surveycode", "pk": 15, "fields": {"survey": 1, "unique_code": "qOvnFWZb", "used": false, "used_time": null, "date": "2018-12-06T14:40:11.254Z"}}, {"model": "web.surveycode", "pk": 16, "fields": {"survey": 1, "unique_code": "FQ9ZJ0KS", "used": false, "used_time": null, "date": "2018-12-06T14:40:11.254Z"}}, {"model": "web.surveycode", "pk": 17, "fields": {"survey": 1, "unique_code": "C2dq6711", "used": false, "used_time": null, "date": "2018-12-06T14:40:11.254Z"}}, {"model": "web.surveycode", "pk": 18, "fields": {"survey": 1, "unique_code": "WwfbZOTP", "used": false, "used_time": null, "date": "2018-12-06T14:40:11.254Z"}}, {"model": "web.surveycode", "pk": 19, "fields": {"survey": 1, "unique_code": "YOfPANw5", "used": false, "used_time": null, "date": "2018-12-06T14:40:11.254Z"}}, {"model": "web.surveycode", "pk": 20, "fields": {"survey": 1, "unique_code": "LkAHUBXv", "used": false, "used_time": null, "date": "2018-12-06T14:40:11.254Z"}}, {"model": "web.surveycode", "pk": 21, "fields": {"survey": 1, "unique_code": "94vRZVhl", "used": false, "used_time": null, "date": "2018-12-06T14:40:11.254Z"}}, {"model": "web.surveycode", "pk": 22, "fields": {"survey": 1, "unique_code": "R2TaNlpp", "used": false, "used_time": null, "date": "2018-12-06T14:40:11.254Z"}}, {"model": "web.surveycode", "pk": 23, "fields": {"survey": 1, "unique_code": "zfth0Akf", "used": false, "used_time": null, "date": "2018-12-06T14:40:11.254Z"}}, {"model": "web.surveycode", "pk": 24, "fields": {"survey": 1, "unique_code": "u0fc0PLr", "used": false, "used_time": null, "date": "2018-12-06T14:40:11.254Z"}}, {"model": "web.surveycode", "pk": 25, "fields": {"survey": 1, "unique_code": "Ygx05VjN", "used": false, "used_time": null, "date": "2018-12-06T14:40:11.254Z"}}, {"model": "web.surveycode", "pk": 26, "fields": {"survey": 1, "unique_code": "6qFheWPX", "used": false, "used_time": null, "date": "2018-12-06T14:40:11.254Z"}}, {"model": "web.surveycode", "pk": 27, "fields": {"survey": 1, "unique_code": "8RcY2a8Z", "used": false, "used_time": null, "date": "2018-12-06T14:40:11.254Z"}}, {"model": "web.surveycode", "pk": 28, "fields": {"survey": 1, "unique_code": "5Yz2U56A", "used": false, "used_time": null, "date": "2018-12-06T14:40:11.254Z"}}, {"model": "web.surveycode", "pk": 29, "fields": {"survey": 1, "unique_code": "OLhtcTMs", "used": false, "used_time": null, "date": "2018-12-06T14:40:11.254Z"}}, {"model": "web.surveycode", "pk": 30, "fields": {"survey": 1, "unique_code": "D4r8qgoS", "used": false, "used_time": null, "date": "2018-12-06T14:40:11.254Z"}}, {"model": "web.surveycode", "pk": 31, "fields": {"survey": 1, "unique_code": "N1rV2aal", "used": false, "used_time": null, "date": "2018-12-06T14:40:11.254Z"}}, {"model": "web.surveycode", "pk": 32, "fields": {"survey": 1, "unique_code": "nUPgOCsf", "used": false, "used_time": null, "date": "2018-12-06T14:40:11.254Z"}}, {"model": "web.surveycode", "pk": 33, "fields": {"survey": 1, "unique_code": "Jv1LY1nI", "used": false, "used_time": null, "date": "2018-12-06T14:40:11.254Z"}}, {"model": "web.surveycode", "pk": 34, "fields": {"survey": 1, "unique_code": "AUMNmRsU", "used": false, "used_time": null, "date": "2018-12-06T14:40:11.254Z"}}, {"model": "web.surveycode", "pk": 35, "fields": {"survey": 1, "unique_code": "NVEnPUmV", "used": false, "used_time": null, "date": "2018-12-06T14:40:11.254Z"}}, {"model": "web.surveycode", "pk": 36, "fields": {"survey": 1, "unique_code": "ot67eZ0V", "used": false, "used_time": null, "date": "2018-12-06T14:40:11.254Z"}}, {"model": "web.surveycode", "pk": 37, "fields": {"survey": 1, "unique_code": "BITQdWcK", "used": false, "used_time": null, "date": "2018-12-06T14:40:11.254Z"}}, {"model": "web.surveycode", "pk": 38, "fields": {"survey": 1, "unique_code": "FdV5Dlwh", "used": false, "used_time": null, "date": "2018-12-06T14:40:11.254Z"}}, {"model": "web.surveycode", "pk": 39, "fields": {"survey": 1, "unique_code": "oiYzqomm", "used": false, "used_time": null, "date": "2018-12-06T14:40:11.254Z"}}, {"model": "web.surveycode", "pk": 40, "fields": {"survey": 1, "unique_code": "7mLAKVfn", "used": false, "used_time": null, "date": "2018-12-06T14:40:11.255Z"}}, {"model": "web.surveycode", "pk": 41, "fields": {"survey": 1, "unique_code": "6sbZKvvX", "used": false, "used_time": null, "date": "2018-12-06T14:40:11.255Z"}}, {"model": "web.surveycode", "pk": 42, "fields": {"survey": 1, "unique_code": "gZBqMoYL", "used": false, "used_time": null, "date": "2018-12-06T14:40:11.255Z"}}, {"model": "web.surveycode", "pk": 43, "fields": {"survey": 1, "unique_code": "Z88i0DCy", "used": false, "used_time": null, "date": "2018-12-06T14:40:11.255Z"}}, {"model": "web.surveycode", "pk": 44, "fields": {"survey": 1, "unique_code": "pOSrA0WM", "used": false, "used_time": null, "date": "2018-12-06T14:40:11.255Z"}}, {"model": "web.surveycode", "pk": 45, "fields": {"survey": 1, "unique_code": "o7pDzqhO", "used": false, "used_time": null, "date": "2018-12-06T14:40:11.255Z"}}, {"model": "web.surveycode", "pk": 46, "fields": {"survey": 1, "unique_code": "bif59kOQ", "used": false, "used_time": null, "date": "2018-12-06T14:40:11.255Z"}}, {"model": "web.surveycode", "pk": 47, "fields": {"survey": 1, "unique_code": "PhuwqgPN", "used": false, "used_time": null, "date": "2018-12-06T14:40:11.255Z"}}, {"model": "web.surveycode", "pk": 48, "fields": {"survey": 1, "unique_code": "SNtZjm0Q", "used": false, "used_time": null, "date": "2018-12-06T14:40:11.255Z"}}, {"model": "web.surveycode", "pk": 49, "fields": {"survey": 1, "unique_code": "MVzDlvQP", "used": false, "used_time": null, "date": "2018-12-06T14:40:11.255Z"}}, {"model": "web.surveycode", "pk": 50, "fields": {"survey": 1, "unique_code": "jI4e3neB", "used": false, "used_time": null, "date": "2018-12-06T14:40:11.255Z"}}, {"model": "web.surveycode", "pk": 51, "fields": {"survey": 1, "unique_code": "hWh5un5W", "used": false, "used_time": null, "date": "2018-12-06T14:43:32.109Z"}}, {"model": "web.surveycode", "pk": 52, "fields": {"survey": 1, "unique_code": "ZRHU5IHC", "used": false, "used_time": null, "date": "2018-12-06T14:43:32.109Z"}}, {"model": "web.surveycode", "pk": 53, "fields": {"survey": 1, "unique_code": "lZEvDXiF", "used": false, "used_time": null, "date": "2018-12-06T14:43:32.109Z"}}, {"model": "web.surveycode", "pk": 54, "fields": {"survey": 1, "unique_code": "OmaeGaQO", "used": false, "used_time": null, "date": "2018-12-06T14:43:32.109Z"}}, {"model": "web.surveycode", "pk": 55, "fields": {"survey": 1, "unique_code": "y2NA1yny", "used": false, "used_time": null, "date": "2018-12-06T14:43:32.109Z"}}, {"model": "web.surveycode", "pk": 56, "fields": {"survey": 1, "unique_code": "DDJJ1ntY", "used": false, "used_time": null, "date": "2018-12-06T14:43:32.109Z"}}, {"model": "web.surveycode", "pk": 57, "fields": {"survey": 1, "unique_code": "1PS9dnKi", "used": false, "used_time": null, "date": "2018-12-06T14:43:32.109Z"}}, {"model": "web.surveycode", "pk": 58, "fields": {"survey": 1, "unique_code": "gKqNE7zA", "used": false, "used_time": null, "date": "2018-12-06T14:43:32.109Z"}}, {"model": "web.surveycode", "pk": 59, "fields": {"survey": 1, "unique_code": "yPza2NnE", "used": false, "used_time": null, "date": "2018-12-06T14:43:32.109Z"}}, {"model": "web.surveycode", "pk": 60, "fields": {"survey": 1, "unique_code": "OC8cCuuG", "used": false, "used_time": null, "date": "2018-12-06T14:43:32.109Z"}}, {"model": "web.surveycode", "pk": 61, "fields": {"survey": 1, "unique_code": "Hp1gZ0Q1", "used": false, "used_time": null, "date": "2018-12-06T14:43:32.109Z"}}, {"model": "web.surveycode", "pk": 62, "fields": {"survey": 1, "unique_code": "OiumgfFR", "used": false, "used_time": null, "date": "2018-12-06T14:43:32.109Z"}}, {"model": "web.surveycode", "pk": 63, "fields": {"survey": 1, "unique_code": "WEAKhphO", "used": false, "used_time": null, "date": "2018-12-06T14:43:32.109Z"}}, {"model": "web.surveycode", "pk": 64, "fields": {"survey": 1, "unique_code": "Lw3VvZ9T", "used": false, "used_time": null, "date": "2018-12-06T14:43:32.109Z"}}, {"model": "web.surveycode", "pk": 65, "fields": {"survey": 1, "unique_code": "jZ6oG24S", "used": false, "used_time": null, "date": "2018-12-06T14:43:32.109Z"}}, {"model": "web.surveycode", "pk": 66, "fields": {"survey": 1, "unique_code": "WwTvG5m9", "used": false, "used_time": null, "date": "2018-12-06T14:43:32.109Z"}}, {"model": "web.surveycode", "pk": 67, "fields": {"survey": 1, "unique_code": "lDnN04bH", "used": false, "used_time": null, "date": "2018-12-06T14:43:32.109Z"}}, {"model": "web.surveycode", "pk": 68, "fields": {"survey": 1, "unique_code": "JOIpkoqy", "used": false, "used_time": null, "date": "2018-12-06T14:43:32.109Z"}}, {"model": "web.surveycode", "pk": 69, "fields": {"survey": 1, "unique_code": "KCFQwWfE", "used": false, "used_time": null, "date": "2018-12-06T14:43:32.109Z"}}, {"model": "web.surveycode", "pk": 70, "fields": {"survey": 1, "unique_code": "wpr2P6FR", "used": false, "used_time": null, "date": "2018-12-06T14:43:32.109Z"}}, {"model": "web.surveycode", "pk": 71, "fields": {"survey": 1, "unique_code": "UyrmZP89", "used": false, "used_time": null, "date": "2018-12-06T14:43:32.109Z"}}, {"model": "web.surveycode", "pk": 72, "fields": {"survey": 1, "unique_code": "FG9mzPdV", "used": false, "used_time": null, "date": "2018-12-06T14:43:32.109Z"}}, {"model": "web.surveycode", "pk": 73, "fields": {"survey": 1, "unique_code": "46lZviZR", "used": false, "used_time": null, "date": "2018-12-06T14:43:32.109Z"}}, {"model": "web.surveycode", "pk": 74, "fields": {"survey": 1, "unique_code": "wZGh4Ol2", "used": false, "used_time": null, "date": "2018-12-06T14:43:32.109Z"}}, {"model": "web.surveycode", "pk": 75, "fields": {"survey": 1, "unique_code": "tcv0jnzI", "used": false, "used_time": null, "date": "2018-12-06T14:43:32.109Z"}}, {"model": "web.surveycode", "pk": 76, "fields": {"survey": 1, "unique_code": "thnPSbTp", "used": false, "used_time": null, "date": "2018-12-06T14:43:32.109Z"}}, {"model": "web.surveycode", "pk": 77, "fields": {"survey": 1, "unique_code": "JkaeYEqI", "used": false, "used_time": null, "date": "2018-12-06T14:43:32.109Z"}}, {"model": "web.surveycode", "pk": 78, "fields": {"survey": 1, "unique_code": "7GhkxfLH", "used": false, "used_time": null, "date": "2018-12-06T14:43:32.109Z"}}, {"model": "web.surveycode", "pk": 79, "fields": {"survey": 1, "unique_code": "22OF2ESm", "used": false, "used_time": null, "date": "2018-12-06T14:43:32.110Z"}}, {"model": "web.surveycode", "pk": 80, "fields": {"survey": 1, "unique_code": "q02ZcZWg", "used": false, "used_time": null, "date": "2018-12-06T14:43:32.110Z"}}, {"model": "web.surveycode", "pk": 81, "fields": {"survey": 1, "unique_code": "T1zBkISg", "used": false, "used_time": null, "date": "2018-12-06T14:43:32.110Z"}}, {"model": "web.surveycode", "pk": 82, "fields": {"survey": 1, "unique_code": "k6FqKVRD", "used": false, "used_time": null, "date": "2018-12-06T14:43:32.110Z"}}, {"model": "web.surveycode", "pk": 83, "fields": {"survey": 1, "unique_code": "yVQ0dTBg", "used": false, "used_time": null, "date": "2018-12-06T14:43:32.110Z"}}, {"model": "web.surveycode", "pk": 84, "fields": {"survey": 1, "unique_code": "Jqf4BgGi", "used": false, "used_time": null, "date": "2018-12-06T14:43:32.110Z"}}, {"model": "web.surveycode", "pk": 85, "fields": {"survey": 1, "unique_code": "xPtY6ASy", "used": false, "used_time": null, "date": "2018-12-06T14:43:32.110Z"}}, {"model": "web.surveycode", "pk": 86, "fields": {"survey": 1, "unique_code": "6aFBYHDL", "used": false, "used_time": null, "date": "2018-12-06T14:43:32.110Z"}}, {"model": "web.surveycode", "pk": 87, "fields": {"survey": 1, "unique_code": "ncvaKZZI", "used": false, "used_time": null, "date": "2018-12-06T14:43:32.110Z"}}, {"model": "web.surveycode", "pk": 88, "fields": {"survey": 1, "unique_code": "aI6nQdmv", "used": false, "used_time": null, "date": "2018-12-06T14:43:32.110Z"}}, {"model": "web.surveycode", "pk": 89, "fields": {"survey": 1, "unique_code": "B7qwAfPL", "used": false, "used_time": null, "date": "2018-12-06T14:43:32.110Z"}}, {"model": "web.surveycode", "pk": 90, "fields": {"survey": 1, "unique_code": "uCZ6zQnZ", "used": false, "used_time": null, "date": "2018-12-06T14:43:32.110Z"}}, {"model": "web.surveycode", "pk": 91, "fields": {"survey": 1, "unique_code": "VkqAO0FU", "used": false, "used_time": null, "date": "2018-12-06T14:43:32.110Z"}}, {"model": "web.surveycode", "pk": 92, "fields": {"survey": 1, "unique_code": "BaWBR6jA", "used": false, "used_time": null, "date": "2018-12-06T14:43:32.110Z"}}, {"model": "web.surveycode", "pk": 93, "fields": {"survey": 1, "unique_code": "Uo2OkYpU", "used": false, "used_time": null, "date": "2018-12-06T14:43:32.110Z"}}, {"model": "web.surveycode", "pk": 94, "fields": {"survey": 1, "unique_code": "OdKHqva4", "used": false, "used_time": null, "date": "2018-12-06T14:43:32.110Z"}}, {"model": "web.surveycode", "pk": 95, "fields": {"survey": 1, "unique_code": "gb03pPKy", "used": false, "used_time": null, "date": "2018-12-06T14:43:32.110Z"}}, {"model": "web.surveycode", "pk": 96, "fields": {"survey": 1, "unique_code": "q5GBdJKb", "used": false, "used_time": null, "date": "2018-12-06T14:43:32.110Z"}}, {"model": "web.surveycode", "pk": 97, "fields": {"survey": 1, "unique_code": "rbPOmXhW", "used": false, "used_time": null, "date": "2018-12-06T14:43:32.110Z"}}, {"model": "web.surveycode", "pk": 98, "fields": {"survey": 1, "unique_code": "PjguWFxx", "used": false, "used_time": null, "date": "2018-12-06T14:43:32.110Z"}}, {"model": "web.surveycode", "pk": 99, "fields": {"survey": 1, "unique_code": "qzolHXRu", "used": false, "used_time": null, "date": "2018-12-06T14:43:32.110Z"}}, {"model": "web.surveycode", "pk": 100, "fields": {"survey": 1, "unique_code": "jw7MkAkO", "used": false, "used_time": null, "date": "2018-12-06T14:43:32.110Z"}}, {"model": "web.surveycode", "pk": 101, "fields": {"survey": 2, "unique_code": "3lO4CJyZ", "used": false, "used_time": null, "date": "2018-12-08T07:18:19.662Z"}}, {"model": "web.surveycode", "pk": 102, "fields": {"survey": 2, "unique_code": "zx2rZbBR", "used": false, "used_time": null, "date": "2018-12-08T07:18:19.662Z"}}, {"model": "web.surveycode", "pk": 103, "fields": {"survey": 2, "unique_code": "87oS1HvB", "used": false, "used_time": null, "date": "2018-12-08T07:18:19.662Z"}}, {"model": "web.surveycode", "pk": 104, "fields": {"survey": 2, "unique_code": "IThnlpuH", "used": false, "used_time": null, "date": "2018-12-08T07:18:19.662Z"}}, {"model": "web.surveycode", "pk": 105, "fields": {"survey": 2, "unique_code": "SuthNhSF", "used": false, "used_time": null, "date": "2018-12-08T07:18:19.662Z"}}, {"model": "web.surveycode", "pk": 106, "fields": {"survey": 2, "unique_code": "21sh4DNS", "used": false, "used_time": null, "date": "2018-12-08T07:18:19.662Z"}}, {"model": "web.surveycode", "pk": 107, "fields": {"survey": 2, "unique_code": "wXgyBAHL", "used": false, "used_time": null, "date": "2018-12-08T07:18:19.662Z"}}, {"model": "web.surveycode", "pk": 108, "fields": {"survey": 2, "unique_code": "1SYDEYg7", "used": false, "used_time": null, "date": "2018-12-08T07:18:19.662Z"}}, {"model": "web.surveycode", "pk": 109, "fields": {"survey": 2, "unique_code": "MF2jmf8Y", "used": false, "used_time": null, "date": "2018-12-08T07:18:19.662Z"}}, {"model": "web.surveycode", "pk": 110, "fields": {"survey": 2, "unique_code": "824qJYdL", "used": false, "used_time": null, "date": "2018-12-08T07:18:19.662Z"}}, {"model": "web.survey", "pk": 1, "fields": {"name": "\u95ee\u5377\u8c03\u67e5", "by_class": 1, "number": 1, "date": "2018-12-06T14:40:11.217Z", "quantity": 50, "questions": [1, 2, 3]}}, {"model": "web.survey", "pk": 2, "fields": {"name": "python15\u671f\u95ee\u5377\u8c03\u67e5", "by_class": 1, "number": 2, "date": "2018-12-08T07:18:19.656Z", "quantity": 10, "questions": [1, 2, 3]}}, {"model": "auth.permission", "pk": 1, "fields": {"name": "Can add log entry", "content_type": 1, "codename": "add_logentry"}}, {"model": "auth.permission", "pk": 2, "fields": {"name": "Can change log entry", "content_type": 1, "codename": "change_logentry"}}, {"model": "auth.permission", "pk": 3, "fields": {"name": "Can delete log entry", "content_type": 1, "codename": "delete_logentry"}}, {"model": "auth.permission", "pk": 4, "fields": {"name": "Can add permission", "content_type": 2, "codename": "add_permission"}}, {"model": "auth.permission", "pk": 5, "fields": {"name": "Can change permission", "content_type": 2, "codename": "change_permission"}}, {"model": "auth.permission", "pk": 6, "fields": {"name": "Can delete permission", "content_type": 2, "codename": "delete_permission"}}, {"model": "auth.permission", "pk": 7, "fields": {"name": "Can add group", "content_type": 3, "codename": "add_group"}}, {"model": "auth.permission", "pk": 8, "fields": {"name": "Can change group", "content_type": 3, "codename": "change_group"}}, {"model": "auth.permission", "pk": 9, "fields": {"name": "Can delete group", "content_type": 3, "codename": "delete_group"}}, {"model": "auth.permission", "pk": 10, "fields": {"name": "Can add user", "content_type": 4, "codename": "add_user"}}, {"model": "auth.permission", "pk": 11, "fields": {"name": "Can change user", "content_type": 4, "codename": "change_user"}}, {"model": "auth.permission", "pk": 12, "fields": {"name": "Can delete user", "content_type": 4, "codename": "delete_user"}}, {"model": "auth.permission", "pk": 13, "fields": {"name": "Can add content type", "content_type": 5, "codename": "add_contenttype"}}, {"model": "auth.permission", "pk": 14, "fields": {"name": "Can change content type", "content_type": 5, "codename": "change_contenttype"}}, {"model": "auth.permission", "pk": 15, "fields": {"name": "Can delete content type", "content_type": 5, "codename": "delete_contenttype"}}, {"model": "auth.permission", "pk": 16, "fields": {"name": "Can add session", "content_type": 6, "codename": "add_session"}}, {"model": "auth.permission", "pk": 17, "fields": {"name": "Can change session", "content_type": 6, "codename": "change_session"}}, {"model": "auth.permission", "pk": 18, "fields": {"name": "Can delete session", "content_type": 6, "codename": "delete_session"}}, {"model": "auth.permission", "pk": 19, "fields": {"name": "Can add \u95ee\u5377\u8c03\u67e5\u5019\u9009\u7b54\u6848", "content_type": 7, "codename": "add_surveychoices"}}, {"model": "auth.permission", "pk": 20, "fields": {"name": "Can change \u95ee\u5377\u8c03\u67e5\u5019\u9009\u7b54\u6848", "content_type": 7, "codename": "change_surveychoices"}}, {"model": "auth.permission", "pk": 21, "fields": {"name": "Can delete \u95ee\u5377\u8c03\u67e5\u5019\u9009\u7b54\u6848", "content_type": 7, "codename": "delete_surveychoices"}}, {"model": "auth.permission", "pk": 22, "fields": {"name": "Can add \u8c03\u67e5\u95ee\u5377", "content_type": 8, "codename": "add_survey"}}, {"model": "auth.permission", "pk": 23, "fields": {"name": "Can change \u8c03\u67e5\u95ee\u5377", "content_type": 8, "codename": "change_survey"}}, {"model": "auth.permission", "pk": 24, "fields": {"name": "Can delete \u8c03\u67e5\u95ee\u5377", "content_type": 8, "codename": "delete_survey"}}, {"model": "auth.permission", "pk": 25, "fields": {"name": "Can add survey code", "content_type": 9, "codename": "add_surveycode"}}, {"model": "auth.permission", "pk": 26, "fields": {"name": "Can change survey code", "content_type": 9, "codename": "change_surveycode"}}, {"model": "auth.permission", "pk": 27, "fields": {"name": "Can delete survey code", "content_type": 9, "codename": "delete_surveycode"}}, {"model": "auth.permission", "pk": 28, "fields": {"name": "Can add \u8c03\u67e5\u95ee\u5377\u95ee\u9898\u5217\u8868", "content_type": 10, "codename": "add_surveyitem"}}, {"model": "auth.permission", "pk": 29, "fields": {"name": "Can change \u8c03\u67e5\u95ee\u5377\u95ee\u9898\u5217\u8868", "content_type": 10, "codename": "change_surveyitem"}}, {"model": "auth.permission", "pk": 30, "fields": {"name": "Can delete \u8c03\u67e5\u95ee\u5377\u95ee\u9898\u5217\u8868", "content_type": 10, "codename": "delete_surveyitem"}}, {"model": "auth.permission", "pk": 31, "fields": {"name": "Can add \u73ed\u7ea7\u5217\u8868", "content_type": 11, "codename": "add_classlist"}}, {"model": "auth.permission", "pk": 32, "fields": {"name": "Can change \u73ed\u7ea7\u5217\u8868", "content_type": 11, "codename": "change_classlist"}}, {"model": "auth.permission", "pk": 33, "fields": {"name": "Can delete \u73ed\u7ea7\u5217\u8868", "content_type": 11, "codename": "delete_classlist"}}, {"model": "auth.permission", "pk": 34, "fields": {"name": "Can add \u95ee\u5377\u8bb0\u5f55", "content_type": 12, "codename": "add_surveyrecord"}}, {"model": "auth.permission", "pk": 35, "fields": {"name": "Can change \u95ee\u5377\u8bb0\u5f55", "content_type": 12, "codename": "change_surveyrecord"}}, {"model": "auth.permission", "pk": 36, "fields": {"name": "Can delete \u95ee\u5377\u8bb0\u5f55", "content_type": 12, "codename": "delete_surveyrecord"}}, {"model": "auth.permission", "pk": 37, "fields": {"name": "Can view log entry", "content_type": 1, "codename": "view_logentry"}}, {"model": "auth.permission", "pk": 38, "fields": {"name": "Can view permission", "content_type": 2, "codename": "view_permission"}}, {"model": "auth.permission", "pk": 39, "fields": {"name": "Can view group", "content_type": 3, "codename": "view_group"}}, {"model": "auth.permission", "pk": 40, "fields": {"name": "Can view user", "content_type": 4, "codename": "view_user"}}, {"model": "auth.permission", "pk": 41, "fields": {"name": "Can view content type", "content_type": 5, "codename": "view_contenttype"}}, {"model": "auth.permission", "pk": 42, "fields": {"name": "Can view session", "content_type": 6, "codename": "view_session"}}, {"model": "auth.permission", "pk": 43, "fields": {"name": "Can view \u73ed\u7ea7\u5217\u8868", "content_type": 11, "codename": "view_classlist"}}, {"model": "auth.permission", "pk": 44, "fields": {"name": "Can view \u8c03\u67e5\u95ee\u5377", "content_type": 8, "codename": "view_survey"}}, {"model": "auth.permission", "pk": 45, "fields": {"name": "Can view \u95ee\u5377\u8c03\u67e5\u5019\u9009\u7b54\u6848", "content_type": 7, "codename": "view_surveychoices"}}, {"model": "auth.permission", "pk": 46, "fields": {"name": "Can view survey code", "content_type": 9, "codename": "view_surveycode"}}, {"model": "auth.permission", "pk": 47, "fields": {"name": "Can view \u8c03\u67e5\u95ee\u5377\u95ee\u9898\u5217\u8868", "content_type": 10, "codename": "view_surveyitem"}}, {"model": "auth.permission", "pk": 48, "fields": {"name": "Can view \u95ee\u5377\u8bb0\u5f55", "content_type": 12, "codename": "view_surveyrecord"}}, {"model": "auth.user", "pk": 1, "fields": {"password": "pbkdf2_sha256$120000$3vvYHRkxloZM$P1hc0fY222Tem4Ja0k4yYlLROku2qbigiN0eA/gJSdU=", "last_login": "2018-12-06T14:35:27.663Z", "is_superuser": true, "username": "root", "first_name": "", "last_name": "", "email": "40@qq.com", "is_staff": true, "is_active": true, "date_joined": "2018-12-06T14:34:58.257Z", "groups": [], "user_permissions": []}}, {"model": "admin.logentry", "pk": 1, "fields": {"action_time": "2018-12-06T14:36:27.708Z", "user": 1, "content_type": 11, "object_id": "1", "object_repr": "ClassList object (1)", "action_flag": 1, "change_message": "[{\"added\": {}}]"}}, {"model": "admin.logentry", "pk": 2, "fields": {"action_time": "2018-12-06T14:38:07.230Z", "user": 1, "content_type": 10, "object_id": "1", "object_repr": "\u82d1\u6d69\u8bb2\u5e08\u4e0a\u8bfe\u671f\u95f4\uff0c\u662f\u5426\u6709\u8fdf\u5230\u3001\u65e9\u9000\u3001\u63a5\u6253\u7535\u8bdd\u7b49\u884c\u4e3a\uff1f", "action_flag": 1, "change_message": "[{\"added\": {}}]"}}, {"model": "admin.logentry", "pk": 3, "fields": {"action_time": "2018-12-06T14:38:35.753Z", "user": 1, "content_type": 10, "object_id": "1", "object_repr": "\u8bb2\u5e08\u4e0a\u8bfe\u671f\u95f4\uff0c\u662f\u5426\u6709\u8fdf\u5230\u3001\u65e9\u9000\u3001\u63a5\u6253\u7535\u8bdd\u7b49\u884c\u4e3a\uff1f", "action_flag": 2, "change_message": "[{\"changed\": {\"fields\": [\"name\"]}}]"}}, {"model": "admin.logentry", "pk": 4, "fields": {"action_time": "2018-12-06T14:38:48.187Z", "user": 1, "content_type": 7, "object_id": "1", "object_repr": "\u4ece\u672a\u51fa\u73b0", "action_flag": 1, "change_message": "[{\"added\": {}}]"}}, {"model": "admin.logentry", "pk": 5, "fields": {"action_time": "2018-12-06T14:38:58.430Z", "user": 1, "content_type": 7, "object_id": "2", "object_repr": "\u5076\u5c14\u51fa\u73b0", "action_flag": 1, "change_message": "[{\"added\": {}}]"}}, {"model": "admin.logentry", "pk": 6, "fields": {"action_time": "2018-12-06T14:39:05.359Z", "user": 1, "content_type": 7, "object_id": "3", "object_repr": "\u7ecf\u5e38\u51fa\u73b0", "action_flag": 1, "change_message": "[{\"added\": {}}]"}}, {"model": "admin.logentry", "pk": 7, "fields": {"action_time": "2018-12-06T14:39:25.701Z", "user": 1, "content_type": 10, "object_id": "2", "object_repr": "\u4f60\u5982\u4f55\u8bc4\u4ef7\u8be5\u8bb2\u5e08\u7684\u6280\u672f\u80fd\u529b\uff1f", "action_flag": 1, "change_message": "[{\"added\": {}}]"}}, {"model": "admin.logentry", "pk": 8, "fields": {"action_time": "2018-12-06T14:40:11.262Z", "user": 1, "content_type": 8, "object_id": "1", "object_repr": "\u95ee\u5377\u8c03\u67e5", "action_flag": 1, "change_message": "[{\"added\": {}}]"}}, {"model": "admin.logentry", "pk": 9, "fields": {"action_time": "2018-12-06T14:40:33.612Z", "user": 1, "content_type": 7, "object_id": "4", "object_repr": "\u975e\u5e38\u5f3a", "action_flag": 1, "change_message": "[{\"added\": {}}]"}}, {"model": "admin.logentry", "pk": 10, "fields": {"action_time": "2018-12-06T14:40:44.580Z", "user": 1, "content_type": 7, "object_id": "5", "object_repr": "\u6bd4\u8f83\u5f3a", "action_flag": 1, "change_message": "[{\"added\": {}}]"}}, {"model": "admin.logentry", "pk": 11, "fields": {"action_time": "2018-12-06T14:40:52.709Z", "user": 1, "content_type": 7, "object_id": "6", "object_repr": "\u4e00\u822c", "action_flag": 1, "change_message": "[{\"added\": {}}]"}}, {"model": "admin.logentry", "pk": 12, "fields": {"action_time": "2018-12-06T14:40:59.234Z", "user": 1, "content_type": 7, "object_id": "7", "object_repr": "\u5dee", "action_flag": 1, "change_message": "[{\"added\": {}}]"}}, {"model": "admin.logentry", "pk": 13, "fields": {"action_time": "2018-12-06T14:43:09.579Z", "user": 1, "content_type": 10, "object_id": "3", "object_repr": "\u4f60\u5bf9\u8bb2\u5e08\u6709\u4ec0\u4e48\u8bc4\u4ef7\u6216\u8005\u5efa\u8bae\uff1f", "action_flag": 1, "change_message": "[{\"added\": {}}]"}}, {"model": "admin.logentry", "pk": 14, "fields": {"action_time": "2018-12-06T14:43:32.116Z", "user": 1, "content_type": 8, "object_id": "1", "object_repr": "\u95ee\u5377\u8c03\u67e5", "action_flag": 2, "change_message": "[{\"changed\": {\"fields\": [\"questions\"]}}]"}}, {"model": "admin.logentry", "pk": 15, "fields": {"action_time": "2018-12-08T07:18:19.667Z", "user": 1, "content_type": 8, "object_id": "2", "object_repr": "python15\u671f\u95ee\u5377\u8c03\u67e5", "action_flag": 1, "change_message": "[{\"added\": {}}]"}}]